City_ID,City,Lat,Lng,Max Temp,Humidity,Cloudiness,Wind Speed,Country,Date
0,meulaboh,4.1363,96.1285,74.89,91,69,2.77,ID,1674436362
1,iqaluit,63.7506,-68.5145,-5.31,76,100,24.0,CA,1674436363
2,bandarbeyla,9.4942,50.8122,74.21,69,48,15.57,SO,1674436364
3,northam,51.0333,-4.2167,41.61,80,98,7.43,GB,1674436364
4,tremedal,-14.9758,-41.4108,67.62,97,100,2.55,BR,1674436277
5,hobart,-42.8794,147.3294,79.05,54,20,6.91,AU,1674436109
6,hithadhoo,-0.6,73.0833,80.35,76,46,7.56,MV,1674436366
7,takoradi,4.8845,-1.7554,79.3,85,16,5.03,GH,1674436367
8,akureyri,65.6835,-18.0878,18.03,75,10,11.25,IS,1674436368
9,san patricio,28.017,-97.5169,62.69,32,0,8.3,US,1674436369
10,carnarvon,-24.8667,113.6333,78.01,68,76,16.37,AU,1674436370
11,cadillac,44.2519,-85.4012,29.79,93,100,0.0,US,1674436371
12,saint-philippe,-21.3585,55.7679,74.79,86,100,4.16,RE,1674436372
13,kurdzhinovo,43.9884,40.9552,37.83,54,0,4.29,RU,1674436373
14,christchurch,-43.5333,172.6333,66.94,60,100,9.22,NZ,1674436231
15,laukaa,58.7372,29.8453,17.56,95,100,3.2,RU,1674436375
16,ushuaia,-54.8,-68.3,45.01,73,84,2.24,AR,1674436155
17,galashki,43.1136,44.9894,27.55,64,18,1.9,RU,1674436376
18,kruisfontein,-34.0033,24.7314,67.89,96,7,3.04,ZA,1674436377
19,the pas,53.8251,-101.2541,30.22,93,100,11.5,CA,1674436099
20,hamilton,39.1834,-84.5333,34.75,93,100,4.61,US,1674436212
21,qaanaaq,77.484,-69.3632,-27.17,69,98,7.45,GL,1674436379
22,bengkulu,-3.8004,102.2655,73.0,96,100,4.38,ID,1674436380
23,port elizabeth,-33.918,25.5701,71.31,95,19,1.99,ZA,1674436381
24,barrow,71.2906,-156.7887,-3.98,77,100,13.8,US,1674436381
25,kaitangata,-46.2817,169.8464,62.83,43,14,10.4,NZ,1674436382
26,yellowknife,62.456,-114.3525,-18.81,96,37,4.65,CA,1674436384
27,palmer,42.1584,-72.3287,35.85,85,100,0.0,US,1674436385
28,cayenne,4.9333,-52.3333,78.84,83,75,11.5,GF,1674436386
29,frederico westphalen,-27.3592,-53.3944,65.16,97,98,2.06,BR,1674436386
30,krapivinskiy,54.9992,86.8133,8.02,94,100,13.96,RU,1674436388
31,hilo,19.7297,-155.09,82.27,76,20,9.22,US,1674436296
32,berlevag,70.8578,29.0864,35.6,64,98,35.68,NO,1674436389
33,bluff,-46.6,168.3333,56.53,58,71,11.1,NZ,1674436390
34,kasongo-lunda,-6.4667,16.8167,68.52,95,100,1.19,CD,1674436391
35,havre-saint-pierre,50.2334,-63.5986,23.36,86,100,6.91,CA,1674436392
36,fort nelson,58.8053,-122.7002,13.75,97,100,2.98,CA,1674436393
37,matara,5.9485,80.5353,73.47,89,94,7.36,LK,1674436394
38,punta arenas,-53.15,-70.9167,55.51,47,0,2.3,CL,1674436155
39,dikson,73.5069,80.5464,-9.4,92,99,25.61,RU,1674436395
40,rikitea,-23.1203,-134.9692,79.45,76,11,16.46,PF,1674436396
41,albany,42.6001,-73.9662,34.05,89,100,3.67,US,1674436397
42,karratha,-20.7377,116.8463,86.95,51,47,0.96,AU,1674436399
43,roebourne,-20.7833,117.1333,87.51,49,7,0.29,AU,1674436400
44,hermanus,-34.4187,19.2345,67.8,86,0,7.07,ZA,1674436401
45,ribeira grande,38.5167,-28.7,61.77,83,1,21.0,PT,1674436402
46,nikolskoye,59.7035,30.7861,22.89,95,98,2.26,RU,1674436403
47,deputatskiy,69.3,139.9,-38.2,100,80,3.4,RU,1674436404
48,butaritari,3.0707,172.7902,80.82,75,92,12.44,KI,1674436405
49,airai,-8.9266,125.4092,65.26,80,100,1.7,TL,1674436405
50,agropoli,40.3469,14.9966,41.09,91,100,4.72,IT,1674436406
51,victoria,22.2855,114.1577,66.38,86,6,1.01,HK,1674436169
52,penzance,50.1186,-5.5371,47.08,79,99,15.93,GB,1674436408
53,kismayo,-0.3582,42.5454,77.02,87,100,14.74,SO,1674436409
54,verkhnevilyuysk,63.4453,120.3167,-22.32,93,100,7.29,RU,1674436410
55,kodiak,57.79,-152.4072,36.91,93,100,10.36,US,1674436411
56,maues,-3.3836,-57.7186,73.71,95,97,2.28,BR,1674436412
57,ponta do sol,32.6667,-17.1,63.23,55,45,7.72,PT,1674436413
58,gat,31.61,34.7642,62.4,81,88,0.51,IL,1674436413
59,puerto ayora,-0.7393,-90.3518,75.54,96,46,3.0,EC,1674436414
60,ewo,-0.8725,14.8206,75.25,70,29,3.04,CG,1674436282
61,avarua,-21.2078,-159.775,80.65,78,75,8.05,CK,1674436280
62,port blair,11.6667,92.75,71.64,94,40,0.0,IN,1674436417
63,tarrafal,15.2833,-23.7667,70.59,66,15,13.65,CV,1674436418
64,san jose,37.3394,-121.895,58.32,34,40,12.66,US,1674436305
65,jamestown,42.097,-79.2353,32.02,75,100,3.44,US,1674436149
66,souillac,-20.5167,57.5167,77.14,85,100,4.83,MU,1674436420
67,busselton,-33.65,115.3333,81.93,38,0,4.83,AU,1674436421
68,ligayan,4.6533,119.4706,81.23,73,100,5.7,PH,1674436421
69,bethel,41.3712,-73.414,37.76,85,100,3.44,US,1674436423
70,ranong,9.9658,98.6348,76.23,66,14,4.68,TH,1674436424
71,namatanai,-3.6667,152.4333,83.19,71,100,7.96,PG,1674436425
72,thinadhoo,0.5333,72.9333,80.02,77,31,7.23,MV,1674436425
73,bredasdorp,-34.5322,20.0403,65.46,88,0,5.79,ZA,1674436426
74,castro,-24.7911,-50.0119,64.04,97,100,4.0,BR,1674436427
75,banda aceh,5.5577,95.3222,75.72,91,98,7.7,ID,1674436428
76,lagoa,39.05,-27.9833,59.11,81,0,21.54,PT,1674436429
77,upernavik,72.7868,-56.1549,-19.46,69,100,12.15,GL,1674436430
78,povrly,50.6728,14.1603,35.83,98,85,2.82,CZ,1674436431
79,pundaguitan,6.3711,126.1689,76.77,89,100,8.21,PH,1674436432
80,port alfred,-33.5906,26.891,70.18,96,54,7.02,ZA,1674436433
81,mar del plata,-38.0023,-57.5575,67.95,83,0,8.99,AR,1674436434
82,teguldet,57.3064,88.1667,6.26,95,100,8.37,RU,1674436434
83,xining,36.6167,101.7667,5.95,81,28,5.97,CN,1674436435
84,mataura,-46.1927,168.8643,63.84,36,9,7.18,NZ,1674436436
85,kiyasovo,56.3491,53.1244,-0.6,99,32,3.51,RU,1674436437
86,waingapu,-9.6567,120.2641,82.17,60,16,1.3,ID,1674436438
87,thompson,55.7435,-97.8558,15.15,97,100,6.2,CA,1674436423
88,new norfolk,-42.7826,147.0587,79.72,36,0,3.38,AU,1674436439
89,severnyy,50.677,36.5532,21.24,93,75,6.71,RU,1674436440
90,denpasar,-8.65,115.2167,83.86,74,20,6.91,ID,1674436412
91,knysna,-34.0363,23.0471,67.46,89,1,3.49,ZA,1674436442
92,sao geraldo do araguaia,-6.4006,-48.555,73.27,94,75,1.16,BR,1674436443
93,goderich,43.7501,-81.7165,31.91,92,87,4.88,CA,1674436219
94,los llanos de aridane,28.6585,-17.9182,60.55,87,100,14.97,ES,1674436445
95,westport,41.1415,-73.3579,39.88,88,100,4.61,US,1674436445
96,sao paulo de olivenca,-3.3783,-68.8725,73.4,98,100,2.51,BR,1674436279
97,chuy,-33.6971,-53.4616,69.37,80,82,6.26,UY,1674436447
98,kapaa,22.0752,-159.319,80.47,70,75,4.61,US,1674436448
99,mirabad,30.4362,61.8383,36.46,48,0,16.17,AF,1674436449
100,eregli,37.5133,34.0467,37.89,52,0,0.51,TR,1674436450
101,clyde river,70.4692,-68.5914,-32.58,92,100,8.14,CA,1674436451
102,saldanha,-33.0117,17.9442,63.93,91,0,12.35,ZA,1674436452
103,atuona,-9.8,-139.0333,78.91,78,100,19.01,PF,1674436452
104,urucui,-7.2294,-44.5561,77.0,81,98,2.93,BR,1674436454
105,amuntai,-2.4177,115.2494,78.28,89,100,0.87,ID,1674436455
106,nouadhibou,20.931,-17.0347,64.76,60,0,20.42,MR,1674436456
107,villa guerrero,18.8667,-99.65,69.42,57,6,3.29,MX,1674436456
108,olafsvik,64.8945,-23.7142,32.92,54,17,23.73,IS,1674436457
109,arraial do cabo,-22.9661,-42.0278,74.79,88,100,12.59,BR,1674436378
110,mangrol,21.1167,70.1167,59.11,55,1,14.03,IN,1674436459
111,yulara,-25.2406,130.9889,90.66,14,0,13.09,AU,1674436460
112,ust-nera,64.5667,143.2,-34.04,100,100,2.55,RU,1674436461
113,severo-kurilsk,50.6789,156.125,17.29,64,100,4.59,RU,1674436462
114,mahebourg,-20.4081,57.7,76.24,81,100,6.71,MU,1674436463
115,camocim,-2.9022,-40.8411,76.44,90,12,10.0,BR,1674436464
116,wenling,28.3669,121.36,49.64,86,100,8.84,CN,1674436465
117,tuktoyaktuk,69.4541,-133.0374,-8.48,95,100,6.73,CA,1674436466
118,thunder bay,48.4001,-89.3168,11.12,98,65,3.33,CA,1674436394
119,kudahuvadhoo,2.6708,72.8944,78.64,81,100,9.64,MV,1674436467
120,rudbar,30.15,62.6,33.19,57,0,7.78,AF,1674436468
121,okato,-39.2,173.8833,73.18,64,0,7.0,NZ,1674436469
122,margate,51.3813,1.3862,40.69,75,6,4.0,GB,1674436470
123,doha,25.2867,51.5333,66.18,77,0,6.91,QA,1674436471
124,cortes,41.9395,-1.4396,41.05,66,19,30.44,ES,1674436472
125,plouzane,48.3833,-4.6167,34.12,86,0,8.05,FR,1674436473
126,vardo,70.3705,31.1107,30.18,80,75,18.41,NO,1674436474
127,ostrovnoy,68.0531,39.5131,24.58,85,51,25.9,RU,1674436475
128,zhanakorgan,43.9098,67.2495,21.16,55,0,5.12,KZ,1674436476
129,saint george,37.1041,-113.5841,37.94,39,100,14.97,US,1674436477
130,aklavik,68.2191,-135.0107,-7.82,92,97,11.79,CA,1674436478
131,cape town,-33.9258,18.4232,72.37,72,0,1.99,ZA,1674436454
132,palera,25.0167,79.2333,57.4,80,89,6.73,IN,1674436479
133,ramygala,55.5167,24.3,29.89,92,8,4.68,LT,1674436480
134,khatanga,71.9667,102.5,-42.77,96,15,3.22,RU,1674436481
135,ortega,3.9361,-75.2217,75.61,77,99,3.76,CO,1674436482
136,dunedin,-45.8742,170.5036,62.8,50,5,8.01,NZ,1674436232
137,port hedland,-20.3167,118.5667,89.65,55,12,3.44,AU,1674436483
138,bilma,18.6853,12.9164,66.22,14,33,6.22,NE,1674436484
139,yakeshi,49.2833,120.7333,-40.34,100,100,4.0,CN,1674436485
140,hengshui,37.7322,115.7011,28.24,82,100,7.83,CN,1674436292
141,nanortalik,60.1432,-45.2371,21.56,60,100,4.68,GL,1674436486
142,dauphin,51.1494,-100.0502,30.34,86,100,16.11,CA,1674436309
143,faanui,-16.4833,-151.75,79.84,69,100,3.44,PF,1674436488
144,fortuna,40.5982,-124.1573,49.66,75,0,11.5,US,1674436488
145,hovd,48.0056,91.6419,-9.31,61,19,1.5,MN,1674436490
146,hualmay,-11.0964,-77.6139,71.28,80,100,8.66,PE,1674436491
147,belaya gora,68.5333,146.4167,-48.35,100,100,2.57,RU,1674436430
148,maceio,-9.6658,-35.7353,78.24,88,40,5.75,BR,1674436383
149,hami,42.8,93.45,7.63,33,0,9.89,CN,1674436493
150,vaini,-21.2,-175.2,87.96,74,20,6.91,TO,1674436493
151,torbay,47.6666,-52.7314,25.27,92,67,5.01,CA,1674436495
152,lebu,-37.6167,-73.65,59.45,90,0,10.78,CL,1674436496
153,komsomolskiy,40.4272,71.7189,19.87,84,100,1.43,UZ,1674436497
154,poshekhonye,58.4993,39.1353,0.39,100,100,3.33,RU,1674436497
155,provideniya,64.3833,-173.3,-3.89,65,75,17.9,RU,1674436498
156,san antonio,29.4241,-98.4936,60.17,30,0,8.05,US,1674436291
157,piet retief,-27.0071,30.8132,54.73,96,100,1.21,ZA,1674436501
158,tori,58.4825,24.8152,22.91,99,80,1.72,EE,1674436502
159,kiama,-34.6833,150.8667,77.38,64,63,8.68,AU,1674436503
160,tirumullaivasal,11.2333,79.8333,75.78,79,100,10.11,IN,1674436504
161,wanaka,-44.7,169.15,62.94,55,71,1.21,NZ,1674436505
162,geraldton,-28.7667,114.6,75.61,69,100,13.8,AU,1674436506
163,rio negro,-26.1058,-49.7975,64.69,99,100,1.5,BR,1674436507
164,panzhihua,26.5851,101.7128,46.53,55,99,1.07,CN,1674436507
165,conceicao do araguaia,-8.2578,-49.2647,73.06,94,79,2.75,BR,1674436508
166,camopi,3.1655,-52.3158,71.22,97,100,3.29,GF,1674436509
167,omboue,-1.5746,9.2618,78.03,85,100,3.29,GA,1674436218
168,bambous virieux,-20.3428,57.7575,76.21,80,100,6.67,MU,1674436510
169,leningradskiy,69.3833,178.4167,-31.85,91,31,6.69,RU,1674436511
170,dhidhdhoo,6.8833,73.1,79.48,73,100,5.48,MV,1674436512
171,polkowice,51.5039,16.0726,32.22,98,100,4.41,PL,1674436513
172,longyearbyen,78.2186,15.6401,37.24,81,75,12.66,SJ,1674436514
173,namibe,-15.1961,12.1522,72.37,81,100,4.7,AO,1674436515
174,el sauzal,31.9,-116.6833,56.41,71,58,5.64,MX,1674436515
175,ust-tsilma,65.441,52.1498,21.18,93,100,7.4,RU,1674436516
176,sobolevo,54.4299,31.8996,29.37,93,94,6.8,RU,1674436517
177,chumphon,10.3333,98.8333,69.51,59,100,1.1,TH,1674436519
178,chara,56.9064,118.2631,-29.7,89,100,1.95,RU,1674436519
179,atasu,48.6814,71.6433,-5.51,99,26,1.39,KZ,1674436520
180,georgetown,5.4112,100.3354,76.95,88,20,3.44,MY,1674436433
181,panama city,8.9936,-79.5197,79.84,78,75,6.91,PA,1674436316
182,sao filipe,14.8961,-24.4956,69.64,65,21,11.65,CV,1674436523
183,gambo,4.6482,22.2633,65.5,40,99,1.9,CF,1674436524
184,grindavik,63.8424,-22.4338,34.27,60,75,16.11,IS,1674436525
185,semikarakorsk,47.5194,40.8112,30.42,77,31,14.74,RU,1674436525
186,mahajanga,-15.7167,46.3167,78.82,94,75,17.27,MG,1674436527
187,bam,29.106,58.357,38.32,40,1,8.05,IR,1674436528
188,fairmont,39.4851,-80.1426,40.82,96,100,2.68,US,1674436529
189,birjand,32.8663,59.2211,23.72,53,0,3.87,IR,1674436530
190,rawson,-43.3002,-65.1023,60.75,70,6,14.43,AR,1674436322
191,huilong,31.8111,121.655,44.92,89,100,14.29,CN,1674436531
192,sabang,5.8933,95.3214,77.52,85,100,13.33,ID,1674436532
193,praya,14.9215,-23.5087,69.44,67,1,12.17,CV,1674436533
194,chambas,22.1928,-78.9136,71.33,73,0,4.23,CU,1674436534
195,tura,25.5198,90.2201,55.99,54,85,2.93,IN,1674436535
196,dunkirk,51.05,2.3667,36.09,42,100,1.99,FR,1674436535
197,sao miguel do araguaia,-13.275,-50.1628,71.2,96,100,4.38,BR,1674436536
198,marana,32.4367,-111.2254,61.61,39,98,8.05,US,1674436396
199,manavalakurichi,8.1333,77.3,74.03,75,85,4.21,IN,1674436539
200,coquimbo,-29.9533,-71.3436,62.33,88,20,6.91,CL,1674436540
201,whitianga,-36.8333,175.7,72.61,56,94,5.06,NZ,1674436541
202,pacific grove,36.6177,-121.9166,58.01,71,0,24.0,US,1674436287
203,paamiut,61.994,-49.6678,18.72,72,100,17.38,GL,1674436542
204,quatre cocos,-20.2078,57.7625,76.08,81,100,6.15,MU,1674436543
205,leh,34.1667,77.5833,-4.79,55,70,2.48,IN,1674436544
206,santa isabel do rio negro,-0.4139,-65.0192,73.26,97,22,2.91,BR,1674436545
207,santa rosa,14.3122,121.1114,82.02,72,23,11.07,PH,1674436545
208,porto novo,6.4965,2.6036,79.74,83,33,7.4,BJ,1674436546
209,lima,-12.0432,-77.0282,76.89,70,0,9.22,PE,1674436346
210,auki,-8.7676,160.7034,86.56,63,79,2.8,SB,1674436548
211,te anau,-45.4167,167.7167,64.54,39,0,3.62,NZ,1674436548
212,gorontalo,0.5412,123.0595,82.81,74,100,2.15,ID,1674436549
213,valparaiso,-33.0393,-71.6273,64.47,100,0,4.61,CL,1674436550
214,claremore,36.3126,-95.6161,40.55,80,75,4.61,US,1674436551
215,talnakh,69.4865,88.3972,-14.06,98,99,1.48,RU,1674436552
216,cherlak,54.155,74.8055,18.03,91,100,14.36,RU,1674436553
217,amapa,1.0,-52.0,71.56,98,95,4.14,BR,1674436448
218,port hawkesbury,45.6169,-61.3485,30.18,93,75,9.22,CA,1674436555
219,tasiilaq,65.6145,-37.6368,14.16,58,11,7.81,GL,1674436556
220,laguna,38.421,-121.4238,54.75,43,0,20.71,US,1674436556
221,naze,28.3667,129.4833,63.55,79,60,14.76,JP,1674436557
222,samarai,-10.6167,150.6667,84.61,71,69,13.89,PG,1674436558
223,roros,62.5747,11.3842,3.04,78,100,1.14,NO,1674436559
224,tecoanapa,16.5167,-98.75,77.52,75,0,7.31,MX,1674436560
225,kondinskoye,59.6481,67.41,10.56,94,30,8.86,RU,1674436560
226,port keats,-14.25,129.55,86.68,59,100,5.68,AU,1674436561
227,fort morgan,40.2503,-103.8,25.45,93,0,4.61,US,1674436562
228,padang,-0.9492,100.3543,73.45,92,100,3.71,ID,1674436563
229,ler,8.3018,30.1418,76.08,18,62,6.29,SS,1674436564
230,beitbridge,-22.2167,30.0,75.67,61,95,17.83,ZW,1674436565
231,kwinana,-32.25,115.7667,85.8,47,0,1.99,AU,1674436566
232,luderitz,-26.6481,15.1594,64.58,87,5,15.05,NA,1674436567
233,vila do maio,15.1333,-23.2167,70.79,66,6,14.38,CV,1674436567
234,afua,-0.1567,-50.3867,74.43,95,100,6.33,BR,1674436277
235,constitucion,-35.3333,-72.4167,60.22,83,0,14.67,CL,1674436569
236,sorong,-0.8833,131.25,80.87,78,100,1.95,ID,1674436570
237,nayoro,44.3506,142.4578,17.87,86,99,6.22,JP,1674436571
238,shimoda,34.6667,138.95,44.96,67,100,11.92,JP,1674436572
239,kavieng,-2.5744,150.7967,82.92,74,100,11.12,PG,1674436573
240,osuna,37.2377,-5.1075,37.9,47,0,4.23,ES,1674436574
241,cabo san lucas,22.8909,-109.9124,70.61,75,40,4.61,MX,1674436352
242,fuyang,32.9,115.8167,39.54,84,100,4.88,CN,1674436576
243,klyuchi,52.2667,79.1667,13.57,84,100,15.5,RU,1674436577
244,vao,-22.6667,167.4833,79.52,85,91,18.28,NC,1674436578
245,kushima,31.4583,131.2333,50.86,87,100,9.08,JP,1674436578
246,koroni,36.8,21.95,57.07,59,12,14.76,GR,1674436580
247,avera,33.194,-82.5271,45.91,94,100,2.71,US,1674436581
248,cockburn town,21.4612,-71.1419,77.76,77,76,20.47,TC,1674436582
249,taoudenni,22.6783,-3.9836,61.18,18,0,9.57,ML,1674436583
250,waipawa,-41.4122,175.5153,59.61,66,81,9.13,NZ,1674436584
251,sacramento,38.4666,-121.3177,54.61,45,0,20.71,US,1674436461
252,urubamba,-13.3047,-72.1158,63.5,77,100,4.07,PE,1674436586
253,sikonge,-5.6333,32.7667,62.49,96,100,4.03,TZ,1674436586
254,baculin,7.4525,126.5842,75.47,98,100,2.44,PH,1674436587
255,vila franca do campo,37.7167,-25.4333,57.61,88,36,11.83,PT,1674436588
256,tiksi,71.6872,128.8694,-21.8,96,100,4.81,RU,1674436590
257,santa marta de tormes,40.9506,-5.6272,31.86,53,0,3.44,ES,1674436591
258,pilar,-9.5972,-35.9567,76.93,89,23,6.87,BR,1674436591
259,bilibino,68.0546,166.4372,-19.62,88,96,3.83,RU,1674436593
260,sakakah,29.9697,40.2064,51.37,64,0,7.74,SA,1674436594
261,cidreira,-30.1811,-50.2056,74.66,88,0,7.25,BR,1674436594
262,bafata,12.1667,-14.75,69.82,48,0,5.21,GW,1674436596
263,nemencine,54.85,25.4833,27.34,88,6,4.83,LT,1674436597
264,biltine,14.5333,20.9167,70.79,15,7,8.57,TD,1674436598
265,manglaur,29.8,77.8667,51.21,43,3,5.28,IN,1674436599
266,pearland,29.5636,-95.286,56.05,49,0,9.22,US,1674436348
267,moindou,-21.6924,165.677,84.58,70,100,4.38,NC,1674436600
268,ossora,59.2353,163.0719,2.53,96,100,3.4,RU,1674436601
269,saskylakh,71.9167,114.0833,-27.18,87,100,2.64,RU,1674436602
270,sarangani,5.4033,125.4636,80.91,76,100,11.56,PH,1674436602
271,guerrero negro,27.9769,-114.0611,58.82,66,0,16.06,MX,1674436515
272,la puente,34.02,-117.9495,61.11,63,0,5.75,US,1674436532
273,kjollefjord,70.9457,27.3465,35.65,75,100,25.32,NO,1674436605
274,chegutu,-18.1302,30.1407,64.08,96,100,4.65,ZW,1674436606
275,la ronge,55.1001,-105.2842,22.19,82,99,17.6,CA,1674436531
276,los lunas,34.8062,-106.7334,41.85,38,100,5.95,US,1674436607
277,sedalia,38.7045,-93.2283,33.75,80,100,9.22,US,1674436421
278,alekseyevsk,57.8406,108.3492,-43.87,98,42,2.82,RU,1674436609
279,french harbor,16.35,-86.4333,78.8,90,0,11.5,HN,1674436610
280,poum,-20.2333,164.0167,80.15,77,100,0.76,NC,1674436611
281,chernyshevskiy,63.0128,112.4714,-31.76,94,100,10.65,RU,1674436612
282,nelson bay,-32.7167,152.15,73.45,84,79,4.0,AU,1674436613
283,bermejo,-32.8833,-68.8,84.11,45,20,2.3,AR,1674436614
284,ca mau,9.1769,105.15,79.05,78,94,9.1,VN,1674436614
285,hofn,64.2539,-15.2082,32.76,57,88,11.32,IS,1674436384
286,zhaozhou,45.6833,125.3167,-16.35,52,0,12.19,CN,1674436616
287,soria,41.6667,-2.6667,29.1,65,4,7.18,ES,1674436617
288,labuhan,-6.8844,112.2051,80.11,80,96,5.14,ID,1674436617
289,ilulissat,69.2167,-51.1,21.22,73,100,12.66,GL,1674436618
290,terrak,65.087,12.3715,40.87,94,100,9.69,NO,1674436619
291,camacha,33.0833,-16.3333,60.22,59,40,14.97,PT,1674436620
292,tammisaari,59.9736,23.4339,28.11,98,100,5.12,FI,1674436621
293,nazarovo,56.0064,90.3914,-4.85,86,100,15.23,RU,1674436622
294,kavaratti,10.5669,72.642,79.83,70,26,9.95,IN,1674436623
295,lompoc,34.6391,-120.4579,57.34,52,0,16.11,US,1674436582
296,oyama,36.3,139.8,41.59,70,100,3.49,JP,1674436625
297,port lincoln,-34.7333,135.8667,67.59,70,100,10.58,AU,1674436626
298,aksu,41.1231,80.2644,5.65,81,4,7.25,CN,1674436627
299,asau,46.4333,26.4,36.52,96,87,1.88,RO,1674436628
300,peniche,39.3558,-9.3811,46.11,67,1,10.96,PT,1674436629
301,cherskiy,68.75,161.3,-32.12,95,100,3.27,RU,1674436630
302,bathsheba,13.2167,-59.5167,79.41,78,40,23.02,BB,1674436631
303,kalavad,22.2167,70.3833,57.25,57,0,9.57,IN,1674436632
304,big rapids,43.6981,-85.4837,32.07,89,100,0.0,US,1674436633
305,kloulklubed,7.0419,134.2556,75.7,86,100,21.9,PW,1674436633
306,marovoay,-16.1,46.6333,75.79,89,100,12.15,MG,1674436634
307,fort saint james,54.4333,-124.25,19.69,98,100,3.69,CA,1674436635
308,san policarpo,12.1791,125.5072,80.15,82,100,14.83,PH,1674436636
309,san carlos de bariloche,-41.1456,-71.3082,58.21,62,3,6.22,AR,1674436490
310,zachary,30.6485,-91.1565,53.47,72,0,3.44,US,1674436638
311,aguimes,27.9054,-15.4461,61.43,63,75,17.27,ES,1674436639
312,abilene,32.4487,-99.7331,46.62,36,0,5.75,US,1674436493
313,narsaq,60.9167,-46.05,1.62,68,2,7.23,GL,1674436640
314,findlay,41.0442,-83.6499,32.13,91,100,5.75,US,1674436641
315,petauke,-14.2426,31.3253,63.54,99,100,4.54,ZM,1674436642
316,benguela,-12.5763,13.4055,77.34,79,100,3.8,AO,1674436643
317,togur,58.3631,82.8265,3.87,96,100,5.5,RU,1674436645
318,digby,44.6169,-65.7655,32.59,81,100,15.82,CA,1674436645
319,mindelo,16.8901,-24.9804,69.35,56,40,14.97,CV,1674436646
320,vestmannaeyjar,63.4427,-20.2734,36.59,55,100,20.74,IS,1674436647
321,richards bay,-28.783,32.0377,71.69,91,21,4.52,ZA,1674436649
322,jamai,22.2,78.5833,59.74,59,16,3.06,IN,1674436650
323,kristiansund,63.1115,7.732,48.85,49,75,11.5,NO,1674436651
324,xinzhi,36.4989,111.7047,25.45,26,100,16.69,CN,1674436652
325,paracale,14.2804,122.7881,76.91,90,24,10.85,PH,1674436653
326,jadu,31.953,12.0261,39.76,48,8,4.97,LY,1674436654
327,nandi,13.3855,77.6984,62.02,87,51,4.29,IN,1674436655
328,wanning,18.8003,110.3967,72.19,92,100,3.36,CN,1674436655
329,ancud,-41.8697,-73.8203,57.4,86,0,3.62,CL,1674436656
330,maragogi,-9.0122,-35.2225,79.0,82,6,10.0,BR,1674436657
331,ampanihy,-24.7,44.75,74.57,75,100,11.34,MG,1674436658
332,east london,-33.0153,27.9116,72.46,86,100,3.4,ZA,1674436638
333,russell,32.3502,-85.1999,52.88,100,75,5.75,US,1674436660
334,orsha,54.5153,30.4053,32.74,95,100,6.89,BY,1674436661
335,livadia,38.435,22.8739,51.8,88,7,4.0,GR,1674436662
336,norman wells,65.282,-126.8329,-12.96,84,40,2.3,CA,1674436663
337,tukrah,32.5341,20.5791,53.51,52,0,15.3,LY,1674436664
338,lavrentiya,65.5833,-171.0,-19.77,94,71,11.61,RU,1674436665
339,kleive,62.7954,7.6359,48.52,61,75,17.27,NO,1674436666
340,nihommatsu,37.5833,140.4333,35.56,72,100,2.19,JP,1674436667
341,prince rupert,54.3161,-130.3201,38.89,92,100,29.93,CA,1674436668
342,oskarshamn,57.2645,16.4484,31.98,85,7,0.22,SE,1674436669
343,kununurra,-15.7667,128.7333,87.78,70,49,6.91,AU,1674436669
344,garowe,8.4054,48.4845,64.42,76,13,9.13,SO,1674436670
345,charters towers,-20.1,146.2667,85.1,52,8,11.21,AU,1674436671
346,papetoai,-17.4961,-149.8729,81.99,78,100,10.07,PF,1674436672
347,roma,43.2128,-75.4557,33.08,93,100,6.91,US,1674436538
348,allanridge,-27.7543,26.6438,68.49,29,2,13.49,ZA,1674436673
349,movila,44.55,27.7,43.52,84,90,8.61,RO,1674436674
350,denizli,37.8402,29.0698,46.72,72,0,1.45,TR,1674436675
351,hukuntsi,-24.0,21.75,83.01,26,100,12.41,BW,1674436676
352,san cristobal,7.7669,-72.225,69.98,75,60,1.88,VE,1674436677
353,pevek,69.7008,170.3133,-31.67,94,82,3.27,RU,1674436678
354,carndonagh,55.25,-7.2667,49.24,97,100,6.26,IE,1674436678
355,livingstonia,-10.606,34.1063,62.49,84,100,4.43,MW,1674436679
356,mezen,65.8522,44.24,19.54,91,42,8.75,RU,1674436680
357,kattivakkam,13.2167,80.3167,77.09,74,83,7.96,IN,1674436681
358,port moresby,-9.4431,147.1797,87.22,70,20,11.5,PG,1674436682
359,tooele,40.5308,-112.2983,22.59,91,100,8.05,US,1674436683
360,hasaki,35.7333,140.8333,39.6,89,100,13.78,JP,1674436684
361,progreso,21.2833,-89.6667,80.71,89,16,8.88,MX,1674436684
362,marathon,44.9,-89.7668,19.15,86,100,5.75,US,1674436685
363,byron bay,-28.65,153.6167,82.71,57,34,7.18,AU,1674436686
364,tahta,26.7693,31.5021,54.05,54,96,7.29,EG,1674436687
365,gaspar,-26.9314,-48.9589,78.51,94,100,2.42,BR,1674436688
366,agboville,5.928,-4.2132,74.95,93,69,2.64,CI,1674436689
367,katherine,-14.4667,132.2667,88.12,58,40,14.97,AU,1674436690
368,caratinga,-19.7897,-42.1392,69.3,93,100,1.68,BR,1674436691
369,anadyr,64.75,177.4833,-8.9,63,0,6.71,RU,1674436426
370,am timan,11.0297,20.2827,75.58,19,13,7.7,TD,1674436692
371,zonguldak,41.25,31.8333,42.33,68,100,2.62,TR,1674436550
372,cheney,47.4874,-117.5758,27.25,89,20,6.91,US,1674436639
373,flinders,-34.5833,150.8552,78.19,65,54,7.0,AU,1674436694
374,milyutinskaya,48.6279,41.6679,25.38,84,71,14.09,RU,1674436696
375,pacifica,37.6138,-122.4869,57.7,36,40,23.02,US,1674436697
376,rexburg,43.826,-111.7897,15.78,79,100,0.0,US,1674436652
377,wschowa,51.807,16.3166,34.9,83,100,6.55,PL,1674436699
378,acobamba,-11.3525,-75.6594,52.38,88,84,2.21,PE,1674436700
379,liuhe,42.2401,125.7172,-7.53,86,100,5.93,CN,1674436700
380,touros,-5.1989,-35.4608,79.83,79,9,11.61,BR,1674436703
381,bara,10.3744,10.7288,70.61,18,33,7.87,NG,1674436704
382,sola,-13.8833,167.55,80.92,77,98,11.45,VU,1674436706
383,esperance,-33.8667,121.9,73.4,48,0,7.76,AU,1674436707
384,turka,49.1541,23.0297,31.15,95,17,1.77,UA,1674436708
385,harrisonburg,38.4496,-78.8689,35.69,95,100,0.0,US,1674436709
386,altamira,-3.2033,-52.2064,74.79,85,96,2.04,BR,1674436575
387,adjumani,3.3779,31.7909,72.88,35,100,1.34,UG,1674436710
388,ixtapa,20.7,-105.2,74.43,73,75,5.75,MX,1674436711
389,lasa,46.6166,10.7002,27.36,71,95,4.85,IT,1674436712
390,esmeraldas,-19.7625,-44.3139,70.84,94,100,3.44,BR,1674436713
391,alyangula,-13.8483,136.4192,79.97,86,100,18.45,AU,1674436714
392,blackwater,-23.5833,148.8833,84.69,53,35,8.32,AU,1674436715
393,eyl,7.9803,49.8164,72.18,71,24,16.73,SO,1674436716
394,manokwari,-0.8667,134.0833,77.45,87,100,2.1,ID,1674436717
395,anjozorobe,-18.4,47.8667,62.78,96,100,9.42,MG,1674436718
396,saint-georges,12.0564,-61.7485,76.37,84,100,16.51,GD,1674436504
397,ouadda,8.0777,22.4007,71.91,20,7,6.4,CF,1674436719
398,tadine,-21.55,167.8833,80.26,84,98,6.44,NC,1674436721
399,aripuana,-9.1667,-60.6333,73.11,98,100,1.81,BR,1674436722
400,kangaatsiaq,68.3065,-53.4641,9.77,93,100,9.69,GL,1674436723
401,alice springs,-23.7,133.8833,89.15,40,10,10.36,AU,1674436723
402,fairbanks,64.8378,-147.7164,-16.64,73,100,0.0,US,1674436724
403,fernandina beach,30.6697,-81.4626,75.29,79,40,18.41,US,1674436725
404,roald,62.5833,6.1333,44.74,61,75,18.41,NO,1674436726
405,muroto,33.2833,134.15,49.01,87,100,26.64,JP,1674436727
406,klaksvik,62.2266,-6.589,43.72,77,100,22.03,FO,1674436728
407,caravelas,-17.7125,-39.2481,78.58,86,100,10.02,BR,1674436729
408,alofi,-19.0595,-169.9187,87.69,66,13,11.5,NU,1674436730
409,lafiagi,8.8667,5.4167,80.4,19,61,2.84,NG,1674436731
410,hambantota,6.1241,81.1185,75.52,87,100,12.55,LK,1674436731
411,gradinari,44.3922,25.8156,39.85,79,6,15.26,RO,1674436732
412,sampit,-2.5333,112.95,77.5,90,100,1.52,ID,1674436733
413,bembereke,10.2283,2.6634,75.65,19,100,3.44,BJ,1674436734
414,lao cai,22.4833,103.95,59.14,82,53,0.29,VN,1674436735
415,willmar,45.1219,-95.0433,15.98,92,100,0.0,US,1674436736
416,vidim,56.4088,103.1106,-43.6,98,32,3.27,RU,1674436737
417,chitral,35.8462,71.7858,26.4,91,84,3.69,PK,1674436477
418,qinhuangdao,39.9317,119.5883,11.14,58,100,18.21,CN,1674436738
419,dzilam gonzalez,21.2833,-88.9333,76.08,83,68,7.0,MX,1674436739
420,oranjemund,-28.55,16.4333,62.82,93,37,7.72,NA,1674436741
421,udachnyy,66.4167,112.4,-33.41,89,99,3.2,RU,1674436742
422,tzaneen,-23.8332,30.1635,66.29,89,100,4.41,ZA,1674436742
423,faya,18.3851,42.4509,48.31,67,0,1.52,SA,1674436743
424,vyartsilya,62.1764,30.693,20.71,94,100,5.39,RU,1674436744
425,samfya,-11.3649,29.5565,63.46,96,100,5.79,ZM,1674436745
426,raudeberg,61.9875,5.1352,39.87,71,100,29.57,NO,1674436746
427,kiruna,67.8557,20.2251,16.72,73,100,14.97,SE,1674436501
428,tanah merah,5.8,102.15,80.42,95,60,0.36,MY,1674436748
429,chokurdakh,70.6333,147.9167,-46.34,100,67,4.68,RU,1674436749
430,tuatapere,-46.1333,167.6833,59.18,52,9,8.43,NZ,1674436750
431,abnub,27.2696,31.1511,52.79,59,65,5.86,EG,1674436751
432,saluzzo,44.6464,7.4862,38.7,74,100,2.3,IT,1674436752
433,aykhal,66.0,111.5,-27.47,83,100,3.91,RU,1674436753
434,edson,53.5835,-116.4356,26.74,59,0,4.61,CA,1674436754
435,krivosheino,57.3431,83.9261,4.28,95,100,6.93,RU,1674436754
436,keskin,39.6731,33.6136,34.84,66,91,1.88,TR,1674436755
437,koslan,63.4564,48.8989,10.17,98,100,5.86,RU,1674436757
438,areni,39.7191,45.1799,29.3,45,100,3.6,AM,1674436758
439,lorengau,-2.0226,147.2712,84.02,76,95,11.16,PG,1674436759
440,ewa beach,21.3156,-158.0072,82.35,58,0,14.97,US,1674436759
441,revelstoke,50.9832,-118.2023,35.62,60,100,9.22,CA,1674436760
442,tagusao,9.1924,117.8141,80.55,74,99,4.14,PH,1674436761
443,yumen,40.2833,97.2,0.03,55,5,2.93,CN,1674436762
444,seoul,37.5683,126.9778,35.17,75,21,4.61,KR,1674436622
445,qidong,31.8128,121.6561,45.93,89,100,14.29,CN,1674436764
446,ahipara,-35.1667,173.1667,70.29,68,100,7.34,NZ,1674436765
447,kefamenanu,-9.4467,124.4781,80.6,55,86,0.83,ID,1674436766
448,fort-shevchenko,44.5086,50.263,32.38,72,0,15.05,KZ,1674436767
449,izhma,65.0083,53.9113,20.25,95,100,6.64,RU,1674436768
450,kalevala,65.2,31.1667,17.06,88,29,8.88,RU,1674436769
451,novyy urengoy,66.0833,76.6333,-7.44,98,98,7.92,RU,1674436770
452,niagara falls,43.1001,-79.0663,33.44,95,100,2.3,CA,1674436771
453,sassandra,4.95,-6.0833,77.94,87,10,8.61,CI,1674436772
454,nagayo,32.8242,129.8861,47.55,76,20,18.41,JP,1674436773
455,salalah,17.0151,54.0924,71.69,68,20,3.44,OM,1674436773
456,makakilo city,21.3469,-158.0858,80.92,57,0,14.97,US,1674436774
457,erzin,36.9559,36.2,51.17,62,0,5.7,TR,1674436775
458,roanoke rapids,36.4615,-77.6542,49.86,100,100,4.61,US,1674436776
459,klaeng,12.7797,101.6483,82.35,83,52,3.06,TH,1674436777
460,freeport,40.6576,-73.5832,40.24,88,100,9.22,US,1674436778
461,pokosnoye,55.5258,101.0536,-45.85,100,85,3.27,RU,1674436779
462,oranjestad,12.524,-70.027,78.75,84,20,19.57,AW,1674436780
463,grand gaube,-20.0064,57.6608,77.4,83,100,8.46,MU,1674436782
464,beisfjord,68.3751,17.5988,39.47,97,100,10.13,NO,1674436782
465,tezu,27.9167,96.1667,55.09,36,6,3.85,IN,1674436755
466,beeville,28.4008,-97.7483,61.29,26,0,5.75,US,1674436784
467,kencong,-8.2833,113.3667,78.22,78,100,2.8,ID,1674436785
468,narok,-1.0783,35.8601,56.41,71,100,2.35,KE,1674436786
469,sembe,1.6481,14.5806,71.98,49,20,1.07,CG,1674436787
470,spearfish,44.4908,-103.8594,34.83,72,75,13.8,US,1674436788
471,jacareacanga,-6.2222,-57.7528,73.0,98,100,1.05,BR,1674436789
472,lillooet,50.6856,-121.942,28.76,95,100,2.37,CA,1674436790
473,varhaug,58.6147,5.6457,34.9,81,100,13.22,NO,1674436790
474,bud,39.447,-86.1758,34.05,95,100,6.22,US,1674436791
475,inhambane,-23.865,35.3833,80.1,76,83,12.33,MZ,1674436792
476,bubaque,11.2833,-15.8333,73.78,71,0,18.68,GW,1674436697
477,tobol,52.6844,62.5794,9.34,88,83,6.87,KZ,1674436793
478,awbari,26.5921,12.7805,50.95,22,0,4.81,LY,1674436794
479,porto murtinho,-21.6989,-57.8825,83.89,57,57,7.09,BR,1674436795
480,iberia,29.9502,-91.7507,55.47,58,0,9.22,US,1674436796
481,chapais,49.7834,-74.8492,10.18,97,94,4.85,CA,1674436797
482,yarada,17.65,83.2667,64.72,100,20,2.3,IN,1674436798
483,sverdlovskiy,55.9108,38.1536,27.09,99,95,3.78,RU,1674436798
484,fayaoue,-20.65,166.5333,77.65,89,100,13.38,NC,1674436799
485,kungurtug,50.5994,97.5228,-41.17,96,24,1.99,RU,1674436800
486,krasnoselkup,65.7,82.4667,-7.89,96,99,12.5,RU,1674436801
487,jardim,-21.4803,-56.1381,74.05,88,100,4.99,BR,1674436681
488,jalu,29.0331,21.5482,52.86,47,0,8.01,LY,1674436803
489,codrington,-38.2667,141.9667,72.3,55,48,6.22,AU,1674436804
490,mana,5.6592,-53.7767,76.1,86,100,12.15,GF,1674436806
491,chumikan,54.7183,135.315,-24.92,83,100,17.09,RU,1674436807
492,marrakesh,31.6315,-8.0083,50.07,76,0,3.44,MA,1674436808
493,merauke,-8.4667,140.3333,83.17,75,100,9.17,ID,1674436809
494,katsuura,35.1333,140.3,45.54,91,100,17.43,JP,1674436810
495,nelson,-41.2833,173.2833,65.5,65,54,8.39,NZ,1674436811
496,kot kapura,30.5833,74.9,47.89,60,59,6.24,IN,1674436812
497,okhotsk,59.3833,143.3,-13.99,82,32,12.46,RU,1674436813
498,radcliff,37.8404,-85.9491,37.11,93,100,8.05,US,1674436814
499,belmonte,-15.8631,-38.8828,78.22,86,100,8.75,BR,1674436717
500,sitka,57.0531,-135.33,39.09,81,100,23.02,US,1674436816
501,mehamn,71.0357,27.8492,35.55,75,100,25.32,NO,1674436817
502,dwarka,22.2394,68.9678,64.06,47,0,17.43,IN,1674436818
503,shiroishi,38.0033,140.6183,33.12,72,100,3.96,JP,1674436819
504,paramirim,-13.4425,-42.2389,68.29,91,100,0.56,BR,1674436730
505,kapit,2.0167,112.9333,76.62,94,100,1.03,MY,1674436821
506,moron,-34.6534,-58.6198,82.98,49,75,6.91,AR,1674436823
507,seymchan,62.8833,152.4333,-24.11,95,100,8.79,RU,1674436824
508,ponta delgada,37.7333,-25.6667,57.92,94,75,11.5,PT,1674436825
509,yar-sale,66.8333,70.8333,18.86,95,100,11.21,RU,1674436826
510,rusera,25.75,86.0333,55.13,66,0,4.99,IN,1674436828
511,sumenep,-7.0167,113.8667,81.21,77,97,2.24,ID,1674436829
512,kandrian,-6.2167,149.55,87.4,62,100,3.69,PG,1674436830
513,toronto,43.7001,-79.4163,32.11,94,100,5.75,CA,1674436682
514,vizinga,61.0749,50.1031,1.72,100,100,2.98,RU,1674436832
515,nanakuli,21.3906,-158.1547,82.35,53,0,14.97,US,1674436833
516,ambilobe,-13.2,49.05,72.05,95,100,1.88,MG,1674436834
517,iskateley,67.6803,53.1512,25.43,95,100,15.95,RU,1674436835
518,palamos,41.8484,3.1291,41.11,34,88,18.99,ES,1674436836
519,batagay,67.6333,134.6333,-56.36,99,63,2.71,RU,1674436836
520,le port,-20.9373,55.2919,75.2,83,100,7.43,RE,1674436837
521,yenagoa,4.9247,6.2642,78.04,85,8,3.24,NG,1674436838
522,woodward,36.4337,-99.3904,33.96,67,0,5.75,US,1674436839
523,uvat,59.1433,68.8953,12.18,95,98,6.67,RU,1674436840
524,yerbogachen,61.2767,108.0108,-40.23,98,94,6.53,RU,1674436841
525,portland,45.5234,-122.6762,46.44,82,75,4.61,US,1674436797
526,cambridge,43.3601,-80.3127,31.15,95,100,2.3,CA,1674436659
527,beira,-19.8436,34.8389,82.49,83,20,3.44,MZ,1674436843
528,tunceli,39.1083,39.5471,38.19,59,0,4.56,TR,1674436844
529,ranipur,27.2879,68.5051,49.82,25,0,8.41,PK,1674436844
530,mayo,38.8876,-76.5119,41.11,92,100,9.22,US,1674436845
531,ingham,42.6,-84.3833,30.38,89,100,5.75,US,1674436846
532,furth im wald,49.3097,12.84,31.98,95,100,4.03,DE,1674436847
533,monrovia,6.3005,-10.7969,78.82,88,100,8.14,LR,1674436848
534,hanzhong,33.0728,107.0303,39.56,50,100,4.52,CN,1674436849
535,cua,10.1589,-66.8858,77.59,80,100,2.93,VE,1674436849
536,moree,-29.4667,149.85,80.85,56,72,11.7,AU,1674436851
537,kadirli,37.3739,36.0961,49.64,52,0,5.88,TR,1674436852
538,mecca,21.4267,39.8261,72.05,76,0,3.6,SA,1674436853
539,goya,-29.14,-59.2626,81.27,36,0,3.76,AR,1674436853
540,baracoa,20.3467,-74.4958,73.47,84,4,5.32,CU,1674436854
541,macia,-25.0269,33.0989,73.11,88,97,4.09,MZ,1674436855
542,isangel,-19.55,169.2667,86.11,84,40,2.3,VU,1674436856
543,natchez,31.5604,-91.4032,49.44,64,0,9.22,US,1674436857
544,ngunguru,-35.6167,174.5,67.64,71,100,3.87,NZ,1674436858
545,itupiranga,-5.1347,-49.3267,77.32,94,100,3.04,BR,1674436858
546,bonthe,7.5264,-12.505,75.96,78,90,6.29,SL,1674436859
547,tarko-sale,64.9225,77.785,-1.12,97,100,8.77,RU,1674436860
548,de-kastri,51.4667,140.7833,-10.19,94,100,6.93,RU,1674436861
549,poros,37.4994,23.4536,49.86,73,12,16.6,GR,1674436862
550,miles city,46.4083,-105.8406,36.57,75,100,16.11,US,1674436863
551,sidney,-33.8679,151.2073,76.44,72,75,14.97,AU,1674436798
552,bouna,9.2667,-3.0,77.92,19,1,3.09,CI,1674436864
